subscription_id,customer_id,start_date,end_date,status,plan_price
SUB000006,U000006,2023-03-17,,active,49
SUB000008,U000008,2022-07-31,,active,199
SUB000011,U000011,2022-05-27,,active,199
SUB000012,U000012,2022-10-18,2022-11-24,churned,199
SUB000017,U000017,2022-10-13,,active,49
SUB000020,U000020,2024-02-04,,active,199
SUB000035,U000035,2022-02-11,,active,199
SUB000036,U000036,2022-06-12,,active,49
SUB000047,U000047,2023-01-21,,active,199
SUB000051,U000051,2022-11-14,,active,49
SUB000060,U000060,2023-02-26,,active,49
SUB000061,U000061,2023-04-07,,active,49
SUB000072,U000072,2022-11-20,2023-05-21,churned,49
SUB000075,U000075,2022-07-15,2023-02-06,churned,49
SUB000083,U000083,2023-07-17,,active,49
SUB000096,U000096,2022-08-30,2023-06-10,churned,49
SUB000105,U000105,2023-06-18,,active,199
SUB000107,U000107,2022-07-30,,active,49
SUB000113,U000113,2022-12-18,2024-05-17,churned,199
SUB000116,U000116,2024-05-24,,active,199
SUB000118,U000118,2022-04-17,,active,49
SUB000119,U000119,2022-11-24,,active,49
SUB000122,U000122,2022-05-27,2023-12-01,churned,199
SUB000134,U000134,2022-08-07,,active,49
SUB000137,U000137,2022-03-03,,active,49
SUB000145,U000145,2022-12-07,,active,199
SUB000156,U000156,2023-03-11,,active,49
SUB000158,U000158,2022-12-08,,active,199
SUB000166,U000166,2022-10-28,,active,199
SUB000168,U000168,2023-08-12,2024-02-09,churned,49
SUB000177,U000177,2022-11-04,2024-08-08,churned,199
SUB000184,U000184,2023-01-06,,active,49
SUB000188,U000188,2023-08-02,,active,49
SUB000191,U000191,2023-03-11,,active,49
SUB000194,U000194,2023-04-15,2023-07-07,churned,49
SUB000197,U000197,2022-05-16,,active,199
SUB000201,U000201,2023-07-06,2023-12-31,churned,49
SUB000211,U000211,2023-04-13,2023-05-21,churned,49
SUB000212,U000212,2022-03-07,2022-06-11,churned,49
SUB000215,U000215,2023-10-26,,active,199
SUB000219,U000219,2024-01-15,,active,199
SUB000249,U000249,2024-03-19,,active,49
SUB000257,U000257,2022-08-23,,active,199
SUB000259,U000259,2022-08-27,,active,199
SUB000260,U000260,2023-05-20,,active,49
SUB000266,U000266,2024-03-09,,active,199
SUB000270,U000270,2023-08-29,,active,49
SUB000274,U000274,2023-02-01,,active,199
SUB000280,U000280,2022-08-19,,active,199
SUB000288,U000288,2022-10-21,,active,199
SUB000290,U000290,2022-06-23,,active,49
SUB000291,U000291,2023-02-28,2023-03-14,churned,49
SUB000298,U000298,2023-05-11,2023-06-04,churned,49
SUB000302,U000302,2022-06-07,2023-03-20,churned,199
SUB000305,U000305,2022-07-18,2023-05-15,churned,199
SUB000306,U000306,2023-08-02,,active,49
SUB000323,U000323,2022-07-18,,active,199
SUB000327,U000327,2022-10-25,,active,49
SUB000343,U000343,2023-01-16,,active,49
SUB000365,U000365,2022-02-16,,active,49
SUB000366,U000366,2022-07-06,,active,49
SUB000381,U000381,2023-03-30,,active,199
SUB000384,U000384,2023-02-08,,active,49
SUB000387,U000387,2022-08-01,2022-07-27,churned,49
SUB000392,U000392,2022-11-21,,active,49
SUB000397,U000397,2022-10-27,2022-12-21,churned,49
SUB000399,U000399,2022-11-12,,active,49
SUB000406,U000406,2022-06-26,,active,49
SUB000407,U000407,2023-08-26,,active,199
SUB000408,U000408,2022-05-25,2022-05-06,churned,199
SUB000415,U000415,2022-10-27,,active,49
SUB000418,U000418,2022-09-20,2022-10-25,churned,49
SUB000422,U000422,2022-09-02,,active,49
SUB000423,U000423,2023-07-23,2023-12-30,churned,199
SUB000440,U000440,2022-09-10,,active,199
SUB000450,U000450,2022-03-08,2023-08-28,churned,199
SUB000452,U000452,2022-11-09,,active,199
SUB000462,U000462,2023-03-01,2023-09-06,churned,49
SUB000466,U000466,2022-07-02,,active,49
SUB000467,U000467,2023-09-10,,active,49
SUB000472,U000472,2023-10-02,,active,199
SUB000519,U000519,2023-06-23,2023-06-22,churned,49
SUB000520,U000520,2022-09-02,,active,199
SUB000523,U000523,2022-08-12,,active,49
SUB000529,U000529,2023-03-26,,active,49
SUB000539,U000539,2023-05-14,2024-05-13,churned,49
SUB000547,U000547,2022-09-15,,active,49
SUB000553,U000553,2022-05-28,,active,49
SUB000555,U000555,2023-08-24,,active,49
SUB000598,U000598,2023-04-05,,active,49
SUB000602,U000602,2024-04-30,,active,199
SUB000614,U000614,2022-05-17,,active,49
SUB000623,U000623,2022-06-22,,active,199
SUB000646,U000646,2022-02-10,,active,49
SUB000663,U000663,2022-12-31,2024-03-05,churned,49
SUB000678,U000678,2023-07-09,,active,199
SUB000683,U000683,2023-06-10,,active,199
SUB000696,U000696,2022-10-11,,active,49
SUB000704,U000704,2022-11-23,2022-11-16,churned,49
SUB000706,U000706,2023-03-13,,active,49
SUB000716,U000716,2022-04-23,,active,199
SUB000725,U000725,2022-12-24,,active,49
SUB000727,U000727,2022-04-30,,active,199
SUB000729,U000729,2023-03-01,,active,49
SUB000742,U000742,2022-09-29,,active,199
SUB000743,U000743,2022-04-30,,active,49
SUB000753,U000753,2022-04-29,,active,199
SUB000761,U000761,2023-04-10,,active,199
SUB000764,U000764,2023-02-16,,active,49
SUB000785,U000785,2023-03-21,,active,199
SUB000795,U000795,2022-02-23,,active,199
SUB000839,U000839,2022-04-08,,active,49
SUB000841,U000841,2022-05-18,,active,199
SUB000855,U000855,2022-06-25,,active,49
SUB000856,U000856,2022-11-19,,active,49
SUB000866,U000866,2022-03-10,,active,199
SUB000874,U000874,2022-05-28,,active,49
SUB000885,U000885,2022-02-20,2022-06-22,churned,49
SUB000886,U000886,2023-01-08,,active,49
SUB000890,U000890,2022-08-07,,active,49
SUB000892,U000892,2022-09-18,2022-12-25,churned,49
SUB000898,U000898,2023-03-19,,active,49
SUB000900,U000900,2023-01-13,,active,49
SUB000926,U000926,2022-07-22,,active,49
SUB000930,U000930,2022-05-06,,active,49
SUB000934,U000934,2022-07-23,,active,199
SUB000940,U000940,2022-10-07,,active,199
SUB000941,U000941,2022-09-19,,active,199
SUB000943,U000943,2022-10-08,2022-10-03,churned,199
SUB000948,U000948,2022-07-16,2023-03-22,churned,49
SUB000951,U000951,2022-03-11,,active,199
SUB000959,U000959,2023-03-10,2023-03-04,churned,49
SUB000962,U000962,2022-05-07,,active,199
SUB000972,U000972,2022-11-30,,active,49
SUB000982,U000982,2023-02-03,,active,49
SUB000988,U000988,2022-07-26,,active,199
SUB000989,U000989,2023-08-11,,active,199
SUB000993,U000993,2022-06-19,2022-08-28,churned,49
SUB001002,U001002,2023-05-08,,active,49
SUB001004,U001004,2022-09-27,,active,199
SUB001027,U001027,2023-07-29,2023-09-03,churned,49
SUB001041,U001041,2022-06-28,,active,49
SUB001043,U001043,2023-03-17,,active,49
SUB001052,U001052,2023-06-30,,active,199
SUB001062,U001062,2022-08-20,2022-10-18,churned,199
SUB001064,U001064,2022-01-31,,active,199
SUB001073,U001073,2022-08-22,,active,199
SUB001075,U001075,2022-06-23,,active,49
SUB001099,U001099,2022-11-19,,active,49
SUB001135,U001135,2022-09-20,,active,49
SUB001141,U001141,2022-07-17,,active,49
SUB001145,U001145,2023-09-09,,active,199
SUB001147,U001147,2024-05-28,,active,199
SUB001149,U001149,2023-08-28,,active,49
SUB001151,U001151,2022-07-08,2023-03-10,churned,199
SUB001173,U001173,2022-10-09,2023-03-25,churned,49
SUB001177,U001177,2023-09-11,,active,49
SUB001178,U001178,2023-02-02,2023-08-08,churned,49
SUB001183,U001183,2022-08-19,,active,199
SUB001190,U001190,2023-09-10,,active,49
SUB001201,U001201,2022-06-15,,active,49
SUB001202,U001202,2022-06-21,,active,49
SUB001205,U001205,2023-04-30,,active,49
SUB001208,U001208,2022-10-18,,active,199
SUB001209,U001209,2022-05-22,,active,49
SUB001217,U001217,2023-01-26,,active,49
SUB001218,U001218,2022-07-12,,active,199
SUB001226,U001226,2023-03-29,,active,49
SUB001242,U001242,2022-09-02,,active,199
SUB001251,U001251,2022-04-15,,active,49
SUB001255,U001255,2022-06-14,,active,49
SUB001257,U001257,2023-08-16,2024-03-13,churned,49
SUB001259,U001259,2023-04-06,2023-10-31,churned,199
SUB001272,U001272,2022-06-15,,active,199
SUB001276,U001276,2022-04-07,,active,49
SUB001277,U001277,2023-01-07,,active,49
SUB001278,U001278,2022-12-27,2023-08-14,churned,49
SUB001290,U001290,2024-01-29,,active,49
SUB001303,U001303,2022-02-26,,active,49
SUB001323,U001323,2022-11-19,,active,199
SUB001325,U001325,2022-09-28,2022-09-26,churned,49
SUB001327,U001327,2022-05-25,,active,49
SUB001333,U001333,2023-01-24,,active,199
SUB001340,U001340,2023-02-21,,active,49
SUB001353,U001353,2022-12-11,2023-07-18,churned,49
SUB001354,U001354,2024-08-05,,active,199
SUB001363,U001363,2022-10-23,,active,49
SUB001369,U001369,2023-09-01,,active,49
SUB001377,U001377,2022-11-23,,active,199
SUB001390,U001390,2022-08-03,,active,49
SUB001392,U001392,2022-06-23,2023-04-09,churned,199
SUB001398,U001398,2022-10-22,2022-12-25,churned,49
SUB001404,U001404,2022-11-28,2023-02-25,churned,49
SUB001412,U001412,2023-07-07,2023-08-31,churned,49
SUB001414,U001414,2022-06-30,,active,49
SUB001420,U001420,2022-10-30,,active,49
SUB001421,U001421,2023-06-20,,active,199
SUB001434,U001434,2022-04-28,,active,49
SUB001444,U001444,2022-07-12,,active,199
SUB001445,U001445,2023-04-14,2023-09-12,churned,49
SUB001450,U001450,2023-05-11,,active,49
SUB001458,U001458,2023-07-19,,active,199
SUB001463,U001463,2022-08-03,2022-09-12,churned,199
SUB001467,U001467,2022-08-23,,active,49
SUB001472,U001472,2022-10-31,,active,49
SUB001473,U001473,2022-10-02,,active,199
SUB001475,U001475,2023-03-19,,active,199
SUB001488,U001488,2022-02-15,2022-04-08,churned,49
SUB001498,U001498,2023-08-21,,active,49
SUB001503,U001503,2022-10-31,,active,199
SUB001515,U001515,2022-12-31,2023-02-10,churned,49
SUB001525,U001525,2023-07-06,,active,49
SUB001535,U001535,2024-04-16,,active,49
SUB001538,U001538,2022-02-24,,active,49
SUB001539,U001539,2022-05-03,,active,199
SUB001542,U001542,2023-08-14,,active,49
SUB001549,U001549,2022-11-13,,active,199
SUB001555,U001555,2023-09-17,,active,49
SUB001557,U001557,2023-02-13,,active,49
SUB001559,U001559,2023-09-18,,active,49
SUB001565,U001565,2022-07-15,,active,49
SUB001566,U001566,2022-06-21,,active,49
SUB001572,U001572,2022-07-11,,active,199
SUB001574,U001574,2022-04-30,,active,199
SUB001601,U001601,2022-12-31,,active,49
SUB001619,U001619,2022-09-13,,active,49
SUB001630,U001630,2022-10-15,2022-10-16,churned,49
SUB001636,U001636,2022-10-13,,active,49
SUB001639,U001639,2023-03-17,,active,49
SUB001650,U001650,2022-06-18,,active,199
SUB001652,U001652,2022-12-31,,active,49
SUB001659,U001659,2023-06-04,,active,199
SUB001664,U001664,2022-11-08,,active,199
SUB001667,U001667,2023-01-29,,active,199
SUB001669,U001669,2022-05-08,,active,49
SUB001672,U001672,2022-12-11,,active,199
SUB001673,U001673,2022-12-17,,active,199
SUB001681,U001681,2023-02-07,,active,199
SUB001692,U001692,2023-08-10,,active,49
SUB001693,U001693,2022-02-22,,active,49
SUB001694,U001694,2023-01-11,,active,199
SUB001718,U001718,2023-03-21,,active,199
SUB001731,U001731,2022-06-25,,active,49
SUB001745,U001745,2023-06-19,2023-07-07,churned,49
SUB001751,U001751,2023-05-29,,active,199
SUB001753,U001753,2022-11-15,,active,199
SUB001754,U001754,2023-07-20,,active,49
SUB001761,U001761,2022-11-01,,active,49
SUB001768,U001768,2023-07-25,,active,49
SUB001777,U001777,2023-03-11,,active,199
SUB001784,U001784,2022-07-04,,active,49
SUB001790,U001790,2022-09-01,,active,49
SUB001793,U001793,2022-05-12,,active,49
SUB001798,U001798,2022-05-17,2022-11-16,churned,199
SUB001800,U001800,2022-10-21,,active,49
SUB001809,U001809,2023-07-18,,active,199
SUB001811,U001811,2023-02-04,,active,49
SUB001831,U001831,2022-11-17,,active,199
SUB001840,U001840,2022-06-24,,active,49
SUB001848,U001848,2022-04-29,,active,199
SUB001867,U001867,2022-06-23,,active,49
SUB001873,U001873,2022-01-31,,active,199
SUB001876,U001876,2022-09-26,2024-03-23,churned,199
SUB001877,U001877,2023-02-26,,active,49
SUB001888,U001888,2023-06-02,2024-03-23,churned,199
SUB001910,U001910,2022-09-14,,active,199
SUB001911,U001911,2022-07-28,2023-01-07,churned,49
SUB001916,U001916,2022-11-17,,active,49
SUB001922,U001922,2022-08-29,,active,199
SUB001926,U001926,2022-03-09,,active,49
SUB001930,U001930,2022-11-15,,active,49
SUB001933,U001933,2022-10-30,,active,49
SUB001937,U001937,2022-07-22,,active,49
SUB001942,U001942,2022-06-15,2023-10-30,churned,199
SUB001945,U001945,2022-07-04,,active,49
SUB001953,U001953,2023-06-29,,active,199
SUB001957,U001957,2023-03-14,,active,49
SUB001966,U001966,2023-03-28,,active,49
SUB001974,U001974,2023-05-31,,active,49
SUB001982,U001982,2022-08-26,,active,49
SUB001985,U001985,2022-02-28,2023-11-18,churned,199
SUB001986,U001986,2022-08-10,,active,49
SUB001995,U001995,2022-08-29,2023-07-18,churned,199
SUB001996,U001996,2023-02-18,,active,199
SUB001998,U001998,2022-08-06,,active,199
SUB002003,U002003,2023-04-06,2023-06-20,churned,49
SUB002004,U002004,2022-05-15,,active,49
SUB002006,U002006,2022-09-13,,active,199
SUB002012,U002012,2022-08-07,,active,199
SUB002037,U002037,2022-07-13,,active,199
SUB002048,U002048,2024-01-25,,active,49
SUB002056,U002056,2022-05-08,,active,49
SUB002057,U002057,2022-03-16,,active,49
SUB002067,U002067,2022-05-15,,active,49
SUB002089,U002089,2022-05-30,,active,199
SUB002101,U002101,2022-08-06,,active,49
SUB002103,U002103,2023-08-11,,active,199
SUB002105,U002105,2024-01-23,,active,199
SUB002110,U002110,2022-07-11,,active,199
SUB002114,U002114,2022-11-26,2022-12-25,churned,199
SUB002116,U002116,2023-06-24,,active,49
SUB002118,U002118,2023-06-13,2024-01-03,churned,199
SUB002119,U002119,2023-06-05,,active,49
SUB002126,U002126,2022-08-08,2023-10-05,churned,199
SUB002130,U002130,2022-08-14,,active,49
SUB002131,U002131,2022-05-23,2022-10-27,churned,49
SUB002141,U002141,2023-04-24,,active,49
SUB002143,U002143,2022-12-04,2023-03-03,churned,49
SUB002151,U002151,2022-02-21,,active,49
SUB002153,U002153,2022-12-06,,active,49
SUB002157,U002157,2023-07-25,,active,199
SUB002163,U002163,2022-08-26,,active,199
SUB002171,U002171,2022-12-23,2022-11-19,churned,49
SUB002182,U002182,2023-11-26,,active,49
SUB002195,U002195,2022-09-13,2022-09-16,churned,49
SUB002199,U002199,2022-08-09,2022-09-28,churned,49
SUB002200,U002200,2023-03-25,2024-10-28,churned,199
SUB002201,U002201,2022-11-13,,active,49
SUB002202,U002202,2023-10-26,2024-10-15,churned,199
SUB002203,U002203,2023-02-08,2023-08-04,churned,199
SUB002212,U002212,2023-04-07,,active,49
SUB002219,U002219,2022-12-16,,active,199
SUB002223,U002223,2022-07-21,,active,49
SUB002229,U002229,2022-06-12,,active,199
SUB002243,U002243,2022-08-22,2023-01-18,churned,199
SUB002263,U002263,2022-10-27,,active,49
SUB002264,U002264,2023-06-05,,active,199
SUB002265,U002265,2023-10-01,2023-11-13,churned,49
SUB002267,U002267,2022-06-25,,active,199
SUB002275,U002275,2023-07-21,,active,49
SUB002293,U002293,2022-05-06,,active,49
SUB002295,U002295,2023-07-16,2023-07-18,churned,49
SUB002296,U002296,2022-11-02,,active,199
SUB002298,U002298,2023-08-24,2023-07-24,churned,49
SUB002305,U002305,2023-02-02,2023-05-13,churned,49
SUB002307,U002307,2023-11-20,,active,199
SUB002308,U002308,2023-07-30,,active,49
SUB002326,U002326,2023-09-23,,active,49
SUB002338,U002338,2023-02-24,2023-02-10,churned,49
SUB002339,U002339,2022-08-11,,active,49
SUB002343,U002343,2022-03-09,,active,49
SUB002345,U002345,2022-12-26,2023-02-01,churned,49
SUB002346,U002346,2023-05-29,,active,49
SUB002349,U002349,2022-01-31,2023-12-14,churned,49
SUB002360,U002360,2022-05-04,,active,199
SUB002370,U002370,2022-04-30,2023-10-24,churned,49
SUB002384,U002384,2023-04-08,2023-11-05,churned,49
SUB002386,U002386,2022-09-11,2022-12-23,churned,49
SUB002401,U002401,2022-08-15,,active,49
SUB002403,U002403,2023-07-23,,active,199
SUB002409,U002409,2023-12-11,,active,199
SUB002413,U002413,2023-05-16,,active,199
SUB002428,U002428,2022-08-10,,active,49
SUB002434,U002434,2022-02-19,,active,49
SUB002437,U002437,2022-05-14,,active,49
SUB002443,U002443,2023-12-20,,active,49
SUB002451,U002451,2022-12-29,2023-08-03,churned,49
SUB002453,U002453,2022-06-21,2023-06-11,churned,199
SUB002456,U002456,2023-06-10,,active,199
SUB002462,U002462,2022-03-25,,active,49
SUB002469,U002469,2022-11-11,,active,199
SUB002470,U002470,2022-07-18,2022-07-21,churned,49
SUB002479,U002479,2022-09-25,,active,49
SUB002485,U002485,2023-07-06,2024-01-31,churned,49
SUB002487,U002487,2023-04-24,,active,49
SUB002502,U002502,2022-08-04,,active,199
SUB002517,U002517,2022-12-04,,active,199
SUB002520,U002520,2023-04-16,,active,199
SUB002534,U002534,2023-02-04,,active,49
SUB002536,U002536,2022-08-15,,active,49
SUB002567,U002567,2022-07-25,,active,49
SUB002569,U002569,2023-06-10,,active,49
SUB002581,U002581,2023-07-30,,active,199
SUB002592,U002592,2022-01-23,,active,199
SUB002599,U002599,2022-08-11,,active,199
SUB002609,U002609,2022-05-23,2022-06-14,churned,49
SUB002610,U002610,2022-04-22,,active,199
SUB002613,U002613,2023-05-01,,active,199
SUB002618,U002618,2023-06-28,,active,49
SUB002633,U002633,2022-08-22,,active,199
SUB002639,U002639,2022-05-24,,active,49
SUB002647,U002647,2023-03-01,,active,49
SUB002650,U002650,2022-05-29,,active,49
SUB002653,U002653,2022-12-14,,active,49
SUB002654,U002654,2023-06-14,,active,49
SUB002661,U002661,2023-08-05,,active,49
SUB002668,U002668,2023-01-11,,active,49
SUB002671,U002671,2023-07-26,,active,49
SUB002677,U002677,2023-02-28,,active,49
SUB002678,U002678,2022-08-03,,active,199
SUB002685,U002685,2022-04-09,,active,49
SUB002691,U002691,2022-10-29,,active,199
SUB002699,U002699,2022-08-28,,active,199
SUB002702,U002702,2023-06-15,,active,199
SUB002711,U002711,2022-12-11,,active,49
SUB002721,U002721,2022-09-25,2023-08-30,churned,49
SUB002724,U002724,2023-03-25,,active,199
SUB002739,U002739,2023-08-14,,active,49
SUB002740,U002740,2022-07-15,2023-03-15,churned,49
SUB002744,U002744,2022-12-12,2023-06-12,churned,49
SUB002751,U002751,2022-09-30,,active,49
SUB002753,U002753,2022-09-29,,active,49
SUB002766,U002766,2023-08-02,,active,199
SUB002772,U002772,2023-07-10,,active,49
SUB002780,U002780,2023-03-27,,active,49
SUB002783,U002783,2023-08-24,,active,199
SUB002794,U002794,2022-09-17,,active,199
SUB002803,U002803,2022-06-23,,active,199
SUB002812,U002812,2022-12-31,,active,49
SUB002829,U002829,2022-09-14,2022-11-23,churned,199
SUB002833,U002833,2022-07-31,,active,49
SUB002839,U002839,2023-05-03,2023-07-30,churned,49
SUB002841,U002841,2023-04-15,,active,199
SUB002843,U002843,2022-02-10,,active,199
SUB002844,U002844,2022-08-29,2023-09-02,churned,49
SUB002849,U002849,2023-11-14,,active,49
SUB002853,U002853,2023-01-25,,active,199
SUB002867,U002867,2022-07-24,,active,199
SUB002874,U002874,2022-08-23,,active,49
SUB002875,U002875,2022-06-23,,active,49
SUB002885,U002885,2022-07-26,,active,49
SUB002901,U002901,2022-06-03,2023-04-03,churned,49
SUB002905,U002905,2022-06-30,,active,199
SUB002911,U002911,2022-10-09,,active,49
SUB002930,U002930,2022-03-12,,active,49
SUB002934,U002934,2023-01-05,,active,49
SUB002939,U002939,2022-02-26,,active,49
SUB002942,U002942,2023-04-19,,active,49
SUB002946,U002946,2023-09-19,,active,49
SUB002966,U002966,2023-03-29,,active,199
SUB002982,U002982,2022-03-19,,active,49
SUB002988,U002988,2022-03-07,,active,49
SUB002999,U002999,2023-04-22,,active,49
SUB003008,U003008,2022-05-20,2024-06-29,churned,199
SUB003012,U003012,2023-06-12,,active,49
SUB003022,U003022,2022-03-17,,active,199
SUB003026,U003026,2022-07-04,,active,199
SUB003029,U003029,2023-01-11,,active,49
SUB003030,U003030,2022-04-13,,active,49
SUB003032,U003032,2023-01-01,,active,199
SUB003041,U003041,2023-03-11,,active,49
SUB003045,U003045,2023-01-31,2023-01-29,churned,49
SUB003062,U003062,2022-06-17,,active,199
SUB003065,U003065,2022-11-24,,active,199
SUB003067,U003067,2022-02-21,,active,49
SUB003088,U003088,2022-09-14,,active,49
SUB003093,U003093,2023-04-11,,active,49
SUB003097,U003097,2023-05-28,2023-06-19,churned,49
SUB003110,U003110,2022-07-07,,active,49
SUB003128,U003128,2022-06-10,,active,49
SUB003154,U003154,2023-10-31,,active,199
SUB003158,U003158,2024-01-05,,active,199
SUB003159,U003159,2022-03-02,,active,199
SUB003162,U003162,2022-12-10,2022-12-21,churned,49
SUB003188,U003188,2022-12-14,,active,199
SUB003192,U003192,2023-07-28,,active,199
SUB003193,U003193,2022-02-20,,active,49
SUB003203,U003203,2023-04-13,,active,199
SUB003206,U003206,2022-11-08,,active,49
SUB003211,U003211,2022-03-19,,active,199
SUB003212,U003212,2023-04-01,,active,49
SUB003213,U003213,2022-05-08,,active,49
SUB003214,U003214,2022-03-04,,active,199
SUB003223,U003223,2023-11-24,,active,49
SUB003232,U003232,2022-07-02,,active,49
SUB003234,U003234,2022-11-09,,active,49
SUB003250,U003250,2023-05-29,2023-08-10,churned,49
SUB003263,U003263,2022-05-31,,active,199
SUB003266,U003266,2022-09-06,,active,49
SUB003273,U003273,2022-02-04,,active,49
SUB003279,U003279,2023-04-03,,active,49
SUB003282,U003282,2022-07-10,,active,49
SUB003285,U003285,2023-08-27,,active,49
SUB003299,U003299,2022-07-16,2022-08-05,churned,49
SUB003305,U003305,2022-05-11,,active,49
SUB003309,U003309,2022-07-20,2024-10-12,churned,199
SUB003313,U003313,2023-05-26,,active,199
SUB003338,U003338,2022-04-06,,active,49
SUB003339,U003339,2023-02-18,,active,49
SUB003341,U003341,2022-06-13,,active,199
SUB003344,U003344,2022-10-13,,active,49
SUB003369,U003369,2022-05-28,2022-06-25,churned,49
SUB003371,U003371,2022-07-21,,active,49
SUB003391,U003391,2022-06-17,,active,49
SUB003393,U003393,2022-09-01,,active,49
SUB003397,U003397,2022-05-06,,active,199
SUB003415,U003415,2024-01-08,,active,49
SUB003419,U003419,2022-08-12,,active,199
SUB003431,U003431,2023-05-14,,active,49
SUB003448,U003448,2022-11-13,2023-07-14,churned,199
SUB003452,U003452,2023-05-05,,active,49
SUB003463,U003463,2023-06-08,,active,49
SUB003471,U003471,2023-01-29,,active,199
SUB003480,U003480,2022-08-10,2022-09-16,churned,49
SUB003484,U003484,2023-08-17,,active,199
SUB003492,U003492,2022-12-09,,active,49
SUB003494,U003494,2023-10-24,,active,199
SUB003498,U003498,2023-01-21,2023-12-30,churned,49
SUB003505,U003505,2022-06-11,2023-05-15,churned,199
SUB003520,U003520,2022-07-09,2022-11-05,churned,49
SUB003531,U003531,2022-04-19,2022-10-23,churned,199
SUB003545,U003545,2022-07-21,,active,199
SUB003565,U003565,2022-06-29,2022-12-28,churned,199
SUB003578,U003578,2022-02-27,,active,199
SUB003580,U003580,2022-11-09,,active,199
SUB003597,U003597,2023-06-13,,active,49
SUB003602,U003602,2022-10-19,,active,49
SUB003618,U003618,2022-10-04,,active,49
SUB003626,U003626,2022-11-16,,active,199
SUB003637,U003637,2022-11-24,2022-12-01,churned,49
SUB003645,U003645,2023-02-04,,active,49
SUB003650,U003650,2022-05-21,,active,199
SUB003655,U003655,2022-06-12,,active,199
SUB003659,U003659,2022-04-18,,active,49
SUB003660,U003660,2022-08-19,2024-01-27,churned,199
SUB003664,U003664,2022-04-15,,active,199
SUB003668,U003668,2022-06-23,2023-01-11,churned,49
SUB003671,U003671,2023-04-03,,active,199
SUB003677,U003677,2022-06-27,2022-05-31,churned,49
SUB003678,U003678,2022-06-28,,active,49
SUB003684,U003684,2022-05-18,,active,199
SUB003692,U003692,2022-08-08,,active,199
SUB003699,U003699,2023-06-05,,active,49
SUB003712,U003712,2023-04-20,,active,49
SUB003720,U003720,2022-12-23,,active,199
SUB003726,U003726,2022-05-21,,active,49
SUB003728,U003728,2022-10-26,,active,199
SUB003735,U003735,2022-11-02,,active,199
SUB003737,U003737,2023-12-03,,active,49
SUB003740,U003740,2022-04-12,,active,49
SUB003755,U003755,2022-07-30,,active,199
SUB003757,U003757,2022-12-10,2023-06-22,churned,49
SUB003759,U003759,2023-09-29,,active,49
SUB003763,U003763,2022-03-24,,active,199
SUB003766,U003766,2022-12-06,2023-02-06,churned,49
SUB003772,U003772,2022-06-15,,active,49
SUB003775,U003775,2023-02-19,2023-09-24,churned,49
SUB003788,U003788,2022-05-30,,active,199
SUB003792,U003792,2022-10-30,,active,49
SUB003808,U003808,2022-11-04,,active,199
SUB003810,U003810,2022-10-04,2023-01-06,churned,49
SUB003811,U003811,2022-03-29,2022-03-25,churned,49
SUB003825,U003825,2023-01-06,,active,49
SUB003835,U003835,2023-02-22,,active,199
SUB003840,U003840,2022-05-08,2023-08-15,churned,199
SUB003846,U003846,2022-10-27,,active,199
SUB003854,U003854,2023-05-22,,active,199
SUB003861,U003861,2022-11-30,,active,199
SUB003863,U003863,2023-02-23,,active,199
SUB003872,U003872,2023-05-17,,active,49
SUB003873,U003873,2023-02-17,,active,49
SUB003882,U003882,2022-03-12,,active,199
SUB003896,U003896,2022-05-23,,active,49
SUB003899,U003899,2022-12-17,,active,199
SUB003910,U003910,2023-02-22,,active,49
SUB003917,U003917,2022-05-27,2023-12-25,churned,199
SUB003920,U003920,2022-10-15,,active,49
SUB003927,U003927,2022-04-10,,active,49
SUB003933,U003933,2023-01-13,,active,199
SUB003942,U003942,2023-05-29,2024-03-23,churned,49
SUB003954,U003954,2022-09-11,,active,49
SUB003977,U003977,2022-03-07,2022-05-10,churned,199
SUB003986,U003986,2023-03-08,,active,199
SUB003987,U003987,2023-01-16,2023-04-26,churned,199
SUB003994,U003994,2022-09-18,,active,49
SUB004001,U004001,2023-02-18,,active,199
SUB004004,U004004,2023-05-15,,active,49
SUB004011,U004011,2022-05-23,,active,49
SUB004017,U004017,2023-03-06,,active,199
SUB004018,U004018,2023-01-09,,active,49
SUB004039,U004039,2022-08-27,,active,49
SUB004061,U004061,2023-02-26,,active,49
SUB004073,U004073,2022-02-17,,active,199
SUB004076,U004076,2022-05-15,,active,199
SUB004081,U004081,2023-06-25,,active,199
SUB004082,U004082,2023-03-29,,active,49
SUB004083,U004083,2023-06-22,,active,49
SUB004110,U004110,2023-01-27,,active,49
SUB004128,U004128,2023-02-19,,active,199
SUB004130,U004130,2022-07-14,2023-01-01,churned,199
SUB004140,U004140,2022-08-20,2022-09-24,churned,49
SUB004143,U004143,2022-12-03,,active,49
SUB004148,U004148,2023-04-12,,active,49
SUB004162,U004162,2023-10-24,,active,199
SUB004172,U004172,2022-03-28,,active,49
SUB004183,U004183,2022-09-15,,active,49
SUB004189,U004189,2022-09-10,,active,49
SUB004233,U004233,2023-02-24,,active,49
SUB004242,U004242,2022-06-20,,active,49
SUB004245,U004245,2022-04-03,,active,49
SUB004254,U004254,2023-03-15,,active,49
SUB004268,U004268,2023-11-14,,active,49
SUB004269,U004269,2022-07-11,,active,49
SUB004273,U004273,2022-10-28,,active,199
SUB004276,U004276,2023-01-30,2023-09-30,churned,49
SUB004290,U004290,2022-07-03,2022-08-30,churned,49
SUB004294,U004294,2023-10-02,2023-10-07,churned,49
SUB004296,U004296,2023-01-11,,active,49
SUB004306,U004306,2022-09-23,,active,49
SUB004317,U004317,2023-04-04,,active,199
SUB004323,U004323,2022-08-13,,active,49
SUB004359,U004359,2022-09-15,,active,49
SUB004388,U004388,2022-12-29,,active,199
SUB004402,U004402,2023-02-11,,active,49
SUB004406,U004406,2023-09-22,,active,199
SUB004427,U004427,2023-04-10,,active,49
SUB004443,U004443,2022-08-03,,active,49
SUB004444,U004444,2023-04-13,,active,199
SUB004466,U004466,2024-01-15,,active,49
SUB004474,U004474,2022-09-27,2023-09-01,churned,199
SUB004477,U004477,2022-06-05,,active,199
SUB004481,U004481,2022-05-13,,active,49
SUB004486,U004486,2023-02-05,,active,199
SUB004496,U004496,2022-07-20,,active,49
SUB004497,U004497,2022-06-03,2022-12-24,churned,49
SUB004501,U004501,2023-07-17,,active,199
SUB004503,U004503,2023-02-22,,active,199
SUB004507,U004507,2022-07-01,,active,49
SUB004521,U004521,2023-06-28,2024-05-23,churned,49
SUB004522,U004522,2023-11-05,2024-01-24,churned,49
SUB004537,U004537,2022-12-05,,active,199
SUB004550,U004550,2022-05-19,,active,49
SUB004564,U004564,2023-01-25,,active,199
SUB004570,U004570,2022-07-18,,active,49
SUB004589,U004589,2023-03-28,,active,199
SUB004594,U004594,2022-09-19,,active,199
SUB004605,U004605,2023-07-23,,active,199
SUB004608,U004608,2022-06-19,,active,49
SUB004621,U004621,2022-05-20,,active,199
SUB004627,U004627,2023-04-17,,active,199
SUB004629,U004629,2022-07-04,,active,199
SUB004630,U004630,2023-03-02,,active,49
SUB004637,U004637,2022-10-10,,active,199
SUB004650,U004650,2022-10-11,,active,49
SUB004652,U004652,2023-08-19,,active,49
SUB004659,U004659,2022-03-04,,active,49
SUB004664,U004664,2022-10-03,,active,199
SUB004668,U004668,2023-03-07,2023-04-07,churned,49
SUB004672,U004672,2023-02-01,,active,199
SUB004679,U004679,2022-07-06,,active,49
SUB004681,U004681,2023-01-22,,active,199
SUB004686,U004686,2023-08-27,,active,199
SUB004688,U004688,2022-08-20,,active,199
SUB004699,U004699,2022-09-26,,active,49
SUB004702,U004702,2022-10-24,2023-04-07,churned,49
SUB004707,U004707,2023-03-07,,active,49
SUB004711,U004711,2023-03-05,,active,49
SUB004713,U004713,2022-08-13,,active,49
SUB004717,U004717,2022-07-12,,active,49
SUB004720,U004720,2022-09-11,,active,49
SUB004721,U004721,2023-01-12,,active,49
SUB004728,U004728,2022-07-05,,active,49
SUB004739,U004739,2023-07-03,,active,49
SUB004745,U004745,2022-07-10,,active,49
SUB004750,U004750,2023-01-08,,active,49
SUB004751,U004751,2023-07-23,,active,199
SUB004754,U004754,2023-02-01,,active,199
SUB004770,U004770,2023-02-02,,active,49
SUB004771,U004771,2022-07-20,,active,49
SUB004776,U004776,2023-02-11,,active,199
SUB004779,U004779,2022-05-04,,active,49
SUB004797,U004797,2022-11-21,,active,49
SUB004803,U004803,2022-03-30,,active,199
SUB004806,U004806,2023-02-11,,active,49
SUB004811,U004811,2023-04-16,,active,49
SUB004814,U004814,2022-07-21,2022-07-12,churned,199
SUB004836,U004836,2022-11-24,,active,199
SUB004837,U004837,2023-02-19,,active,199
SUB004844,U004844,2022-04-25,,active,49
SUB004845,U004845,2022-12-30,,active,49
SUB004866,U004866,2023-02-08,,active,199
SUB004882,U004882,2022-10-03,,active,49
SUB004883,U004883,2022-08-29,,active,49
SUB004901,U004901,2022-04-07,,active,49
SUB004904,U004904,2023-03-30,,active,199
SUB004909,U004909,2022-04-28,2022-08-10,churned,49
SUB004914,U004914,2022-05-27,,active,199
SUB004953,U004953,2022-06-17,2023-06-16,churned,49
SUB004963,U004963,2022-09-30,,active,49
SUB004969,U004969,2023-10-19,,active,49
SUB004980,U004980,2022-11-01,,active,49
SUB004990,U004990,2023-04-02,,active,199
SUB005002,U005002,2022-07-27,2022-12-18,churned,49
SUB005023,U005023,2023-02-13,,active,49
SUB005036,U005036,2022-12-20,,active,199
SUB005045,U005045,2022-06-19,,active,199
SUB005060,U005060,2022-06-23,,active,49
SUB005073,U005073,2023-02-27,,active,199
SUB005074,U005074,2024-04-11,,active,49
SUB005087,U005087,2023-08-01,,active,49
SUB005091,U005091,2022-09-17,,active,199
SUB005100,U005100,2022-06-22,,active,49
SUB005105,U005105,2022-07-30,,active,49
SUB005106,U005106,2023-10-25,,active,49
SUB005108,U005108,2022-03-07,,active,49
SUB005113,U005113,2022-06-05,,active,49
SUB005115,U005115,2022-01-15,2022-04-26,churned,199
SUB005118,U005118,2022-09-10,,active,49
SUB005134,U005134,2022-12-14,,active,49
SUB005142,U005142,2023-06-28,,active,49
SUB005145,U005145,2023-03-13,2023-10-23,churned,49
SUB005147,U005147,2022-10-21,,active,49
SUB005158,U005158,2024-02-13,,active,49
SUB005166,U005166,2022-08-30,2023-03-02,churned,49
SUB005176,U005176,2022-03-01,,active,199
SUB005187,U005187,2022-05-17,,active,199
SUB005193,U005193,2022-11-19,,active,199
SUB005202,U005202,2022-03-20,2022-06-20,churned,49
SUB005214,U005214,2023-05-10,,active,49
SUB005215,U005215,2022-05-14,,active,49
SUB005226,U005226,2022-05-08,,active,199
SUB005240,U005240,2023-11-10,2023-12-04,churned,49
SUB005244,U005244,2022-09-12,,active,49
SUB005259,U005259,2022-08-30,2024-03-03,churned,199
SUB005264,U005264,2022-10-04,,active,49
SUB005270,U005270,2022-12-10,,active,199
SUB005274,U005274,2023-09-11,,active,199
SUB005278,U005278,2022-05-29,2023-09-04,churned,199
SUB005279,U005279,2022-08-04,,active,199
SUB005282,U005282,2022-06-14,,active,49
SUB005289,U005289,2023-02-15,,active,49
SUB005295,U005295,2023-04-29,2023-04-28,churned,49
SUB005303,U005303,2023-11-15,,active,49
SUB005306,U005306,2022-12-19,,active,199
SUB005307,U005307,2023-11-12,,active,199
SUB005309,U005309,2022-08-16,,active,49
SUB005310,U005310,2023-01-01,2023-11-08,churned,49
SUB005312,U005312,2022-05-18,,active,49
SUB005313,U005313,2022-07-06,2023-05-31,churned,49
SUB005315,U005315,2022-07-26,,active,49
SUB005321,U005321,2022-09-10,2024-01-16,churned,49
SUB005323,U005323,2022-10-12,2023-07-26,churned,49
SUB005324,U005324,2023-07-09,2023-09-04,churned,199
SUB005343,U005343,2022-10-07,2023-09-24,churned,49
SUB005348,U005348,2023-01-07,,active,49
SUB005360,U005360,2024-01-23,,active,199
SUB005363,U005363,2022-06-07,,active,49
SUB005372,U005372,2022-04-13,,active,199
SUB005373,U005373,2022-11-15,,active,49
SUB005378,U005378,2023-03-31,,active,49
SUB005383,U005383,2023-05-23,,active,49
SUB005391,U005391,2022-06-08,2022-06-26,churned,49
SUB005392,U005392,2023-04-02,2023-07-06,churned,49
SUB005396,U005396,2022-10-06,,active,199
SUB005398,U005398,2022-07-24,2023-02-09,churned,199
SUB005402,U005402,2022-08-16,,active,49
SUB005403,U005403,2023-03-08,,active,199
SUB005413,U005413,2022-11-04,,active,49
SUB005417,U005417,2022-09-19,,active,49
SUB005440,U005440,2023-08-28,,active,199
SUB005442,U005442,2023-06-01,,active,49
SUB005444,U005444,2022-07-16,,active,199
SUB005445,U005445,2023-02-26,2023-11-05,churned,49
SUB005447,U005447,2022-02-13,,active,49
SUB005448,U005448,2022-08-09,2022-09-29,churned,49
SUB005450,U005450,2022-11-16,,active,199
SUB005476,U005476,2022-05-12,,active,199
SUB005505,U005505,2022-11-06,2023-06-10,churned,49
SUB005515,U005515,2022-11-21,2023-02-26,churned,49
SUB005524,U005524,2024-01-23,,active,49
SUB005530,U005530,2022-05-26,2022-11-05,churned,49
SUB005540,U005540,2023-08-05,2023-10-24,churned,49
SUB005545,U005545,2023-11-07,,active,49
SUB005549,U005549,2023-04-18,,active,199
SUB005564,U005564,2022-06-09,2022-12-29,churned,49
SUB005565,U005565,2023-05-07,,active,49
SUB005571,U005571,2022-07-15,,active,49
SUB005578,U005578,2023-04-13,2023-05-28,churned,49
SUB005587,U005587,2023-10-30,,active,49
SUB005593,U005593,2022-08-09,,active,199
SUB005594,U005594,2022-04-16,,active,199
SUB005606,U005606,2022-03-01,,active,49
SUB005619,U005619,2023-02-17,2023-05-14,churned,49
SUB005628,U005628,2022-04-09,,active,199
SUB005637,U005637,2023-09-03,,active,199
SUB005640,U005640,2022-11-24,2024-10-18,churned,199
SUB005648,U005648,2022-10-14,,active,199
SUB005653,U005653,2022-10-04,,active,49
SUB005670,U005670,2022-10-10,,active,49
SUB005674,U005674,2022-11-10,,active,199
SUB005677,U005677,2023-06-25,,active,199
SUB005678,U005678,2022-08-08,,active,49
SUB005683,U005683,2022-09-22,2023-02-18,churned,49
SUB005702,U005702,2022-03-20,,active,49
SUB005703,U005703,2022-09-20,2023-04-24,churned,49
SUB005710,U005710,2022-09-07,,active,49
SUB005716,U005716,2023-02-13,,active,199
SUB005721,U005721,2023-07-27,,active,199
SUB005734,U005734,2022-04-15,,active,49
SUB005748,U005748,2023-03-21,2023-05-11,churned,49
SUB005779,U005779,2023-03-30,,active,49
SUB005781,U005781,2023-03-09,,active,49
SUB005804,U005804,2022-08-28,,active,49
SUB005809,U005809,2023-05-03,,active,49
SUB005815,U005815,2022-07-27,,active,49
SUB005840,U005840,2022-07-10,,active,49
SUB005841,U005841,2024-05-19,,active,199
SUB005843,U005843,2022-08-05,,active,199
SUB005844,U005844,2022-06-03,2022-09-19,churned,49
SUB005852,U005852,2022-05-01,,active,49
SUB005853,U005853,2023-07-14,,active,49
SUB005858,U005858,2024-05-14,,active,49
SUB005861,U005861,2022-08-21,2022-12-23,churned,49
SUB005864,U005864,2022-04-23,,active,49
SUB005875,U005875,2023-08-23,,active,49
SUB005879,U005879,2022-02-16,,active,49
SUB005882,U005882,2022-03-01,,active,49
SUB005885,U005885,2022-11-25,,active,199
SUB005897,U005897,2022-08-13,2022-08-20,churned,49
SUB005900,U005900,2022-10-02,2023-04-25,churned,49
SUB005918,U005918,2022-10-05,,active,199
SUB005920,U005920,2022-11-18,,active,199
SUB005922,U005922,2022-09-03,,active,49
SUB005929,U005929,2022-06-12,,active,199
SUB005932,U005932,2023-03-25,,active,199
SUB005935,U005935,2023-05-01,,active,199
SUB005936,U005936,2023-04-24,,active,199
SUB005937,U005937,2022-10-13,2022-10-20,churned,49
SUB005950,U005950,2022-09-14,,active,199
SUB005966,U005966,2022-08-23,2022-08-22,churned,49
SUB005978,U005978,2022-05-27,,active,49
SUB005981,U005981,2023-03-27,2024-01-29,churned,49
SUB005987,U005987,2023-01-05,,active,199
SUB005992,U005992,2022-11-25,,active,199
SUB006013,U006013,2023-06-04,2023-11-10,churned,49
SUB006024,U006024,2022-05-08,,active,49
SUB006025,U006025,2023-11-07,,active,49
SUB006034,U006034,2022-10-06,2023-06-07,churned,199
SUB006036,U006036,2023-01-07,,active,49
SUB006049,U006049,2024-01-24,,active,49
SUB006065,U006065,2023-05-31,2023-07-19,churned,49
SUB006079,U006079,2022-12-04,,active,49
SUB006096,U006096,2023-03-21,,active,199
SUB006099,U006099,2023-09-05,2023-08-14,churned,49
SUB006120,U006120,2023-08-23,,active,199
SUB006136,U006136,2022-08-18,,active,199
SUB006148,U006148,2023-04-03,2023-12-31,churned,49
SUB006150,U006150,2023-02-07,,active,49
SUB006154,U006154,2022-09-16,,active,199
SUB006163,U006163,2022-09-05,,active,199
SUB006176,U006176,2022-06-01,,active,49
SUB006198,U006198,2022-10-31,,active,49
SUB006199,U006199,2023-01-30,,active,49
SUB006203,U006203,2022-04-20,,active,49
SUB006207,U006207,2023-09-20,,active,49
SUB006224,U006224,2022-04-16,2022-06-12,churned,49
SUB006229,U006229,2022-03-08,,active,199
SUB006258,U006258,2022-09-05,,active,49
SUB006265,U006265,2023-08-20,,active,49
SUB006271,U006271,2022-04-22,,active,49
SUB006275,U006275,2022-12-08,2024-05-02,churned,49
SUB006299,U006299,2022-10-26,,active,49
SUB006300,U006300,2023-06-24,,active,199
SUB006301,U006301,2022-07-08,,active,49
SUB006302,U006302,2023-01-27,2023-10-08,churned,199
SUB006306,U006306,2022-11-27,,active,49
SUB006328,U006328,2023-04-08,,active,49
SUB006338,U006338,2022-09-18,,active,49
SUB006346,U006346,2022-07-02,,active,49
SUB006358,U006358,2023-02-12,,active,199
SUB006361,U006361,2023-03-23,,active,199
SUB006394,U006394,2022-09-22,,active,199
SUB006402,U006402,2022-10-22,,active,199
SUB006403,U006403,2024-03-20,2024-07-27,churned,199
SUB006445,U006445,2023-05-13,2024-11-08,churned,49
SUB006447,U006447,2022-08-15,,active,49
SUB006448,U006448,2023-07-02,,active,199
SUB006463,U006463,2023-01-27,2023-01-09,churned,49
SUB006468,U006468,2022-06-24,,active,49
SUB006472,U006472,2022-08-12,,active,199
SUB006489,U006489,2022-05-11,,active,49
SUB006493,U006493,2023-02-23,,active,49
SUB006505,U006505,2022-12-15,,active,49
SUB006510,U006510,2022-12-25,,active,199
SUB006524,U006524,2022-02-28,2022-06-06,churned,199
SUB006529,U006529,2022-06-21,,active,49
SUB006537,U006537,2022-08-20,2023-04-26,churned,199
SUB006542,U006542,2023-03-03,,active,199
SUB006543,U006543,2022-12-18,,active,49
SUB006563,U006563,2022-06-30,,active,199
SUB006565,U006565,2023-06-19,2023-07-21,churned,49
SUB006575,U006575,2022-04-06,,active,49
SUB006588,U006588,2022-11-06,2023-06-22,churned,49
SUB006591,U006591,2023-02-15,2023-06-11,churned,199
SUB006598,U006598,2022-04-09,,active,49
SUB006599,U006599,2024-06-29,,active,49
SUB006602,U006602,2022-05-23,2023-01-03,churned,49
SUB006624,U006624,2022-06-13,,active,199
SUB006625,U006625,2024-05-30,,active,49
SUB006627,U006627,2022-09-17,2023-09-16,churned,49
SUB006628,U006628,2022-07-13,,active,199
SUB006630,U006630,2022-05-05,,active,199
SUB006643,U006643,2023-08-13,,active,199
SUB006652,U006652,2022-04-11,2022-08-23,churned,199
SUB006659,U006659,2022-06-02,,active,49
SUB006683,U006683,2022-12-17,2024-10-11,churned,199
SUB006687,U006687,2022-08-12,,active,199
SUB006700,U006700,2022-04-13,,active,49
SUB006705,U006705,2022-12-15,,active,49
SUB006713,U006713,2023-02-21,,active,199
SUB006720,U006720,2022-05-09,2022-06-08,churned,49
SUB006733,U006733,2022-12-19,,active,199
SUB006742,U006742,2023-08-05,,active,49
SUB006750,U006750,2022-07-27,,active,199
SUB006751,U006751,2022-10-03,,active,49
SUB006782,U006782,2023-02-11,2023-10-02,churned,49
SUB006788,U006788,2023-02-04,,active,49
SUB006792,U006792,2022-05-07,,active,49
SUB006810,U006810,2023-01-27,2023-05-23,churned,49
SUB006817,U006817,2023-07-23,,active,49
SUB006818,U006818,2023-02-25,,active,199
SUB006832,U006832,2022-03-30,,active,199
SUB006837,U006837,2022-12-20,,active,199
SUB006845,U006845,2022-06-10,2022-12-24,churned,49
SUB006867,U006867,2022-08-18,,active,199
SUB006875,U006875,2023-11-30,,active,199
SUB006892,U006892,2023-05-09,,active,49
SUB006893,U006893,2022-03-10,,active,49
SUB006896,U006896,2022-11-29,,active,199
SUB006903,U006903,2023-01-09,,active,199
SUB006906,U006906,2023-01-06,2023-05-15,churned,49
SUB006910,U006910,2023-03-28,2023-07-11,churned,49
SUB006911,U006911,2023-05-03,2024-04-24,churned,199
SUB006925,U006925,2023-03-10,2023-04-26,churned,199
SUB006928,U006928,2022-10-12,,active,49
SUB006931,U006931,2022-08-01,,active,49
SUB006936,U006936,2022-09-05,,active,199
SUB006947,U006947,2022-05-14,,active,49
SUB006948,U006948,2022-08-31,,active,199
SUB006951,U006951,2023-11-07,,active,49
SUB006962,U006962,2022-06-05,,active,49
SUB006964,U006964,2022-11-10,,active,199
SUB006975,U006975,2022-04-21,,active,199
SUB006976,U006976,2023-04-30,,active,199
SUB006978,U006978,2022-07-18,2022-08-26,churned,49
SUB006989,U006989,2022-07-08,2023-01-26,churned,49
SUB007000,U007000,2023-05-01,2023-09-30,churned,49
SUB007019,U007019,2022-08-06,2022-08-15,churned,49
SUB007034,U007034,2022-10-13,,active,199
SUB007037,U007037,2022-07-08,,active,49
SUB007040,U007040,2023-01-22,,active,199
SUB007067,U007067,2022-07-27,2022-11-15,churned,49
SUB007072,U007072,2023-10-09,,active,199
SUB007088,U007088,2023-06-30,,active,199
SUB007097,U007097,2022-05-12,,active,199
SUB007098,U007098,2023-07-02,2023-09-14,churned,49
SUB007111,U007111,2022-06-08,2023-01-29,churned,49
SUB007112,U007112,2022-08-05,,active,49
SUB007120,U007120,2022-09-09,,active,49
SUB007131,U007131,2023-05-09,,active,199
SUB007136,U007136,2022-12-06,2023-03-21,churned,199
SUB007141,U007141,2022-08-27,,active,199
SUB007150,U007150,2023-03-14,,active,199
SUB007158,U007158,2022-10-23,2023-02-17,churned,49
SUB007161,U007161,2022-10-06,,active,49
SUB007162,U007162,2022-05-07,,active,49
SUB007166,U007166,2022-05-26,,active,199
SUB007167,U007167,2023-02-15,,active,49
SUB007169,U007169,2022-12-02,,active,49
SUB007177,U007177,2022-03-05,,active,199
SUB007193,U007193,2022-12-28,,active,199
SUB007194,U007194,2023-05-13,,active,199
SUB007198,U007198,2022-07-11,,active,199
SUB007203,U007203,2022-07-15,2024-04-24,churned,199
SUB007212,U007212,2022-08-08,,active,49
SUB007217,U007217,2022-09-13,2022-10-12,churned,49
SUB007218,U007218,2022-09-23,2022-12-19,churned,49
SUB007226,U007226,2022-09-26,,active,199
SUB007227,U007227,2023-02-03,,active,49
SUB007236,U007236,2023-03-25,,active,199
SUB007238,U007238,2023-02-15,,active,49
SUB007271,U007271,2024-01-25,2024-06-24,churned,49
SUB007276,U007276,2023-01-22,2023-03-08,churned,49
SUB007277,U007277,2022-06-17,,active,199
SUB007289,U007289,2022-05-06,,active,49
SUB007290,U007290,2023-01-22,,active,49
SUB007300,U007300,2022-07-22,2023-12-13,churned,49
SUB007330,U007330,2022-06-21,,active,49
SUB007342,U007342,2022-09-17,2023-01-15,churned,49
SUB007346,U007346,2023-03-09,,active,49
SUB007381,U007381,2022-12-14,,active,49
SUB007386,U007386,2022-11-16,2023-01-25,churned,49
SUB007411,U007411,2022-04-24,,active,199
SUB007423,U007423,2023-07-16,2023-08-23,churned,49
SUB007424,U007424,2022-10-01,,active,49
SUB007438,U007438,2022-08-15,,active,49
SUB007441,U007441,2022-06-19,,active,199
SUB007449,U007449,2022-12-16,2022-12-31,churned,49
SUB007452,U007452,2022-03-11,,active,49
SUB007457,U007457,2022-06-26,2024-07-08,churned,49
SUB007464,U007464,2022-12-31,2023-05-15,churned,199
SUB007477,U007477,2022-07-08,2023-07-06,churned,49
SUB007478,U007478,2022-03-02,,active,49
SUB007479,U007479,2023-05-11,,active,199
SUB007490,U007490,2022-12-24,2023-11-08,churned,49
SUB007493,U007493,2022-06-27,,active,49
SUB007502,U007502,2022-12-09,,active,199
SUB007508,U007508,2022-07-08,,active,49
SUB007510,U007510,2022-10-22,2023-02-11,churned,49
SUB007518,U007518,2022-07-02,,active,199
SUB007528,U007528,2023-01-08,,active,49
SUB007547,U007547,2022-05-27,,active,199
SUB007548,U007548,2022-07-03,,active,49
SUB007588,U007588,2022-11-27,,active,49
SUB007594,U007594,2022-06-11,,active,49
SUB007601,U007601,2023-03-04,,active,49
SUB007603,U007603,2022-05-04,,active,199
SUB007606,U007606,2022-12-20,2024-03-26,churned,199
SUB007635,U007635,2023-03-13,,active,49
SUB007653,U007653,2022-05-02,,active,49
SUB007654,U007654,2023-07-31,,active,199
SUB007656,U007656,2022-08-27,,active,49
SUB007680,U007680,2022-12-19,2023-02-07,churned,49
SUB007697,U007697,2022-04-11,,active,49
SUB007712,U007712,2022-11-15,,active,199
SUB007713,U007713,2023-03-25,2023-12-19,churned,199
SUB007714,U007714,2022-07-15,,active,49
SUB007718,U007718,2023-06-01,,active,49
SUB007726,U007726,2022-09-26,,active,49
SUB007745,U007745,2023-10-11,2023-11-23,churned,49
SUB007747,U007747,2022-07-11,,active,49
SUB007754,U007754,2023-11-18,,active,49
SUB007761,U007761,2022-08-13,2022-10-19,churned,199
SUB007764,U007764,2023-09-07,2023-12-04,churned,49
SUB007774,U007774,2022-10-31,,active,199
SUB007775,U007775,2022-07-29,,active,199
SUB007790,U007790,2022-11-29,,active,49
SUB007791,U007791,2023-02-23,,active,49
SUB007792,U007792,2022-06-16,,active,199
SUB007836,U007836,2023-06-30,,active,49
SUB007837,U007837,2022-05-13,,active,49
SUB007840,U007840,2023-02-15,,active,49
SUB007842,U007842,2022-12-25,2023-01-03,churned,49
SUB007849,U007849,2023-01-03,,active,199
SUB007873,U007873,2023-02-15,,active,199
SUB007881,U007881,2023-05-15,,active,199
SUB007895,U007895,2023-11-02,,active,199
SUB007900,U007900,2022-02-02,,active,199
SUB007910,U007910,2023-05-16,,active,199
SUB007912,U007912,2024-04-13,,active,49
SUB007916,U007916,2022-07-23,2022-08-10,churned,49
SUB007921,U007921,2022-08-25,2023-09-25,churned,49
SUB007939,U007939,2023-02-13,,active,199
SUB007942,U007942,2022-05-13,2022-06-07,churned,199
SUB007977,U007977,2022-06-25,,active,49
SUB007990,U007990,2022-02-10,2022-03-13,churned,49
SUB008003,U008003,2022-08-13,,active,49
SUB008011,U008011,2022-11-19,,active,199
SUB008017,U008017,2023-10-19,,active,49
SUB008025,U008025,2022-09-23,2022-12-09,churned,49
SUB008030,U008030,2022-01-24,2022-04-24,churned,49
SUB008032,U008032,2023-05-09,,active,49
SUB008039,U008039,2022-10-26,2023-09-30,churned,49
SUB008045,U008045,2022-10-30,,active,49
SUB008065,U008065,2023-04-01,,active,49
SUB008069,U008069,2022-09-06,,active,49
SUB008076,U008076,2022-07-14,,active,49
SUB008092,U008092,2023-01-14,,active,49
SUB008104,U008104,2023-02-19,,active,49
SUB008120,U008120,2022-04-14,,active,49
SUB008130,U008130,2022-06-02,,active,199
SUB008134,U008134,2023-03-11,,active,199
SUB008138,U008138,2022-07-16,,active,49
SUB008145,U008145,2022-10-09,,active,49
SUB008153,U008153,2022-09-10,,active,199
SUB008157,U008157,2022-07-16,,active,49
SUB008164,U008164,2022-10-06,,active,49
SUB008188,U008188,2022-09-16,,active,49
SUB008199,U008199,2022-05-07,,active,199
SUB008201,U008201,2022-11-24,,active,49
SUB008218,U008218,2023-01-07,,active,49
SUB008222,U008222,2023-03-07,,active,199
SUB008234,U008234,2023-02-14,,active,49
SUB008245,U008245,2023-11-25,2024-04-28,churned,199
SUB008273,U008273,2022-06-14,,active,199
SUB008293,U008293,2022-08-02,,active,199
SUB008295,U008295,2022-10-30,,active,49
SUB008296,U008296,2023-01-14,,active,49
SUB008298,U008298,2023-05-05,2023-09-13,churned,199
SUB008305,U008305,2022-07-28,,active,199
SUB008312,U008312,2023-03-10,2023-07-04,churned,49
SUB008316,U008316,2022-06-04,,active,49
SUB008357,U008357,2022-04-26,,active,49
SUB008368,U008368,2023-11-21,,active,49
SUB008372,U008372,2022-10-25,2023-01-01,churned,49
SUB008385,U008385,2023-04-12,,active,199
SUB008394,U008394,2022-08-27,2023-02-19,churned,199
SUB008410,U008410,2022-09-25,,active,199
SUB008436,U008436,2023-07-06,2024-04-10,churned,199
SUB008439,U008439,2023-02-16,,active,49
SUB008458,U008458,2023-03-21,,active,49
SUB008460,U008460,2023-09-09,2024-04-27,churned,49
SUB008463,U008463,2022-05-30,,active,49
SUB008469,U008469,2022-09-30,,active,49
SUB008472,U008472,2022-11-10,,active,199
SUB008478,U008478,2023-04-27,,active,199
SUB008479,U008479,2023-03-21,,active,49
SUB008480,U008480,2022-08-09,,active,49
SUB008481,U008481,2023-12-26,,active,199
SUB008493,U008493,2022-08-10,,active,49
SUB008497,U008497,2022-06-12,,active,199
SUB008500,U008500,2022-06-03,,active,199
SUB008517,U008517,2022-09-09,,active,199
SUB008518,U008518,2022-11-24,,active,49
SUB008519,U008519,2022-03-10,,active,199
SUB008528,U008528,2022-02-02,,active,49
SUB008533,U008533,2022-07-01,,active,49
SUB008545,U008545,2023-02-17,,active,199
SUB008551,U008551,2022-03-15,2022-08-27,churned,49
SUB008558,U008558,2022-11-15,2023-01-12,churned,49
SUB008565,U008565,2023-09-29,,active,199
SUB008568,U008568,2022-08-09,2023-06-13,churned,199
SUB008578,U008578,2024-01-05,,active,49
SUB008591,U008591,2023-02-26,,active,49
SUB008593,U008593,2022-08-28,,active,49
SUB008595,U008595,2023-02-26,,active,49
SUB008602,U008602,2023-01-10,,active,199
SUB008607,U008607,2023-01-02,,active,199
SUB008609,U008609,2022-12-16,,active,49
SUB008634,U008634,2024-01-06,2024-01-19,churned,49
SUB008648,U008648,2022-08-15,,active,199
SUB008649,U008649,2022-12-10,,active,49
SUB008668,U008668,2022-09-02,,active,49
SUB008680,U008680,2023-06-23,,active,199
SUB008681,U008681,2023-09-14,,active,199
SUB008685,U008685,2022-08-07,,active,49
SUB008712,U008712,2022-08-18,2022-09-14,churned,49
SUB008714,U008714,2022-12-01,,active,199
SUB008722,U008722,2022-10-13,,active,199
SUB008726,U008726,2023-05-05,,active,199
SUB008731,U008731,2023-02-06,,active,49
SUB008737,U008737,2023-04-29,,active,49
SUB008755,U008755,2022-09-21,,active,199
SUB008757,U008757,2022-07-27,2023-09-13,churned,199
SUB008760,U008760,2022-07-12,,active,199
SUB008761,U008761,2022-10-07,,active,199
SUB008775,U008775,2023-09-11,,active,49
SUB008779,U008779,2023-02-09,,active,199
SUB008786,U008786,2022-05-20,,active,49
SUB008789,U008789,2022-12-01,2024-07-06,churned,49
SUB008793,U008793,2022-05-06,,active,49
SUB008797,U008797,2023-01-27,,active,49
SUB008805,U008805,2022-05-03,,active,49
SUB008812,U008812,2023-12-08,,active,49
SUB008826,U008826,2023-01-25,,active,49
SUB008837,U008837,2022-05-12,,active,49
SUB008851,U008851,2022-05-19,,active,49
SUB008853,U008853,2022-08-26,,active,49
SUB008861,U008861,2023-05-29,,active,49
SUB008864,U008864,2022-08-28,,active,199
SUB008874,U008874,2023-03-08,,active,199
SUB008892,U008892,2022-08-14,,active,49
SUB008905,U008905,2022-05-22,,active,199
SUB008911,U008911,2022-12-09,,active,49
SUB008927,U008927,2022-11-17,,active,49
SUB008929,U008929,2023-06-09,,active,49
SUB008933,U008933,2023-07-02,2023-10-01,churned,49
SUB008935,U008935,2022-05-29,,active,199
SUB008936,U008936,2024-02-09,,active,199
SUB008938,U008938,2023-07-09,2023-10-04,churned,199
SUB008941,U008941,2022-07-01,2022-10-14,churned,49
SUB008943,U008943,2022-12-08,2023-03-10,churned,49
SUB008952,U008952,2022-05-16,,active,49
SUB008965,U008965,2022-06-08,,active,49
SUB008967,U008967,2022-11-27,,active,199
SUB008976,U008976,2023-04-16,,active,49
SUB008989,U008989,2023-02-22,,active,199
SUB009000,U009000,2022-08-06,2022-08-25,churned,199
SUB009003,U009003,2022-05-06,,active,199
SUB009011,U009011,2022-09-29,2023-05-01,churned,49
SUB009013,U009013,2023-03-30,,active,49
SUB009018,U009018,2022-09-13,2022-09-14,churned,199
SUB009024,U009024,2022-09-25,,active,49
SUB009028,U009028,2023-01-10,2024-03-11,churned,49
SUB009036,U009036,2023-01-29,,active,199
SUB009046,U009046,2022-06-27,,active,49
SUB009057,U009057,2022-11-05,2023-04-20,churned,49
SUB009077,U009077,2022-06-12,,active,199
SUB009078,U009078,2022-04-13,2022-04-30,churned,49
SUB009097,U009097,2022-11-12,,active,49
SUB009108,U009108,2022-12-16,,active,49
SUB009110,U009110,2023-08-05,,active,49
SUB009113,U009113,2022-06-06,,active,49
SUB009114,U009114,2022-08-25,,active,49
SUB009147,U009147,2022-12-02,,active,49
SUB009150,U009150,2022-08-31,,active,199
SUB009180,U009180,2023-04-05,2024-07-12,churned,49
SUB009192,U009192,2022-05-07,,active,49
SUB009199,U009199,2022-08-16,,active,199
SUB009221,U009221,2023-05-02,,active,199
SUB009231,U009231,2022-12-02,,active,199
SUB009233,U009233,2022-07-14,,active,49
SUB009236,U009236,2022-09-01,,active,49
SUB009240,U009240,2024-03-24,,active,49
SUB009248,U009248,2023-09-30,,active,49
SUB009257,U009257,2022-05-25,,active,199
SUB009266,U009266,2023-03-20,2024-09-01,churned,49
SUB009273,U009273,2022-04-02,,active,199
SUB009283,U009283,2022-08-28,,active,199
SUB009288,U009288,2023-01-11,,active,49
SUB009297,U009297,2022-10-31,,active,199
SUB009303,U009303,2023-02-21,,active,49
SUB009304,U009304,2023-05-23,,active,199
SUB009320,U009320,2022-06-22,2024-02-05,churned,49
SUB009323,U009323,2023-01-19,,active,49
SUB009334,U009334,2023-06-04,2023-11-01,churned,199
SUB009344,U009344,2022-05-29,,active,199
SUB009345,U009345,2022-06-24,,active,49
SUB009352,U009352,2022-07-07,,active,199
SUB009359,U009359,2023-08-23,2023-09-14,churned,49
SUB009368,U009368,2022-07-06,2022-12-09,churned,49
SUB009374,U009374,2023-04-28,,active,49
SUB009382,U009382,2022-04-14,,active,199
SUB009384,U009384,2023-04-01,,active,199
SUB009395,U009395,2022-03-23,,active,199
SUB009398,U009398,2023-05-14,,active,199
SUB009401,U009401,2022-08-28,2022-12-21,churned,49
SUB009403,U009403,2023-07-17,,active,199
SUB009411,U009411,2023-07-07,,active,199
SUB009417,U009417,2023-04-11,,active,199
SUB009418,U009418,2023-12-09,,active,199
SUB009431,U009431,2023-10-20,,active,49
SUB009435,U009435,2023-04-30,,active,49
SUB009436,U009436,2022-08-08,,active,199
SUB009444,U009444,2022-10-07,2023-02-02,churned,199
SUB009453,U009453,2022-09-03,,active,199
SUB009457,U009457,2022-03-29,,active,199
SUB009466,U009466,2023-02-19,2024-08-04,churned,199
SUB009489,U009489,2022-08-02,,active,49
SUB009491,U009491,2023-05-16,,active,199
SUB009511,U009511,2022-01-30,,active,199
SUB009520,U009520,2022-08-19,,active,199
SUB009558,U009558,2023-09-19,,active,199
SUB009576,U009576,2022-08-23,2022-09-09,churned,49
SUB009581,U009581,2023-02-15,,active,49
SUB009588,U009588,2022-12-01,,active,199
SUB009589,U009589,2023-06-28,,active,49
SUB009591,U009591,2022-03-07,2022-06-22,churned,49
SUB009601,U009601,2023-03-06,,active,49
SUB009609,U009609,2023-05-15,2023-09-19,churned,49
SUB009614,U009614,2024-01-21,,active,49
SUB009616,U009616,2022-09-13,,active,49
SUB009621,U009621,2022-08-07,,active,49
SUB009623,U009623,2023-03-11,,active,199
SUB009636,U009636,2023-06-25,,active,199
SUB009640,U009640,2022-09-17,,active,199
SUB009641,U009641,2022-08-23,,active,49
SUB009651,U009651,2022-07-17,,active,199
SUB009653,U009653,2022-03-12,,active,49
SUB009669,U009669,2023-08-17,,active,199
SUB009682,U009682,2023-08-01,2023-11-20,churned,49
SUB009683,U009683,2022-06-21,,active,199
SUB009692,U009692,2024-02-12,,active,49
SUB009701,U009701,2022-07-21,,active,199
SUB009702,U009702,2023-10-13,,active,49
SUB009709,U009709,2022-07-06,,active,199
SUB009714,U009714,2023-06-08,,active,199
SUB009718,U009718,2022-11-24,2023-01-08,churned,49
SUB009719,U009719,2022-11-09,,active,49
SUB009720,U009720,2023-06-21,2023-08-21,churned,49
SUB009721,U009721,2022-05-03,2023-08-22,churned,49
SUB009727,U009727,2023-02-01,2024-05-24,churned,199
SUB009736,U009736,2023-01-24,,active,199
SUB009754,U009754,2022-08-19,,active,199
SUB009756,U009756,2023-07-01,,active,199
SUB009793,U009793,2023-03-30,2023-04-03,churned,49
SUB009802,U009802,2023-12-10,,active,199
SUB009806,U009806,2022-06-22,,active,49
SUB009807,U009807,2022-07-26,,active,49
SUB009808,U009808,2022-08-12,,active,49
SUB009810,U009810,2023-01-05,,active,49
SUB009815,U009815,2022-05-16,2022-10-16,churned,199
SUB009828,U009828,2022-08-24,2023-10-06,churned,49
SUB009832,U009832,2023-04-16,,active,199
SUB009848,U009848,2022-07-05,,active,49
SUB009855,U009855,2023-11-09,2024-03-03,churned,49
SUB009861,U009861,2024-03-04,2024-12-18,churned,199
SUB009865,U009865,2022-05-19,,active,49
SUB009875,U009875,2022-06-25,,active,49
SUB009884,U009884,2023-03-10,,active,199
SUB009888,U009888,2022-08-25,,active,199
SUB009891,U009891,2022-08-27,,active,49
SUB009894,U009894,2023-01-15,,active,199
SUB009904,U009904,2022-09-29,,active,199
SUB009921,U009921,2022-10-23,,active,49
SUB009923,U009923,2023-03-20,,active,49
SUB009929,U009929,2022-07-29,,active,199
SUB009934,U009934,2022-09-18,2023-01-22,churned,49
SUB009939,U009939,2022-10-10,,active,49
SUB009944,U009944,2023-02-06,,active,199
SUB009948,U009948,2022-10-06,,active,199
SUB009952,U009952,2022-06-18,2022-12-26,churned,49
SUB009982,U009982,2022-08-20,2023-03-21,churned,49
SUB009991,U009991,2022-03-05,,active,199
SUB009993,U009993,2022-10-04,,active,49
